584190260490,frozen.mp3
584196181773,raiponce.mp3
584197097239,aristochats.mp3
584197228570,Zootopie.mp3
584194536716,Vaiana.mp3
584196320818,henrides_compilation1.mp3
584189224397,henrides_compilation2.mp3
584195186707,henrides_compilation3.mp3
584197681496,trois_petits_cochon.mp3
584185103597,petite_vague_part_a_l_aventure.mp3
584192503348,paindur_et_bonpain.mp3
584199115875,on_t_aime_papa.mp3
584185795703,mes_petites_economies.mp3
584187205279,maelle_la_timide.mp3
584195453820,le_grand_tour_du_petit_poisson.mp3
584186875779,la_fete_de_lamusique.mp3
584190444606,je_suis_devenu_transparent.mp3
584187586799,j_aurais_voulu_un_petit_frere.mp3
584188960755,et_si_on_dansait.mp3
584192616189,destination_jumeaux.mp3
584191723329,boucle_d_or.mp3
584187333249,bloubil_voit_la_vie_en_bleu.mp3
584185227148,bambi.mp3
584188382359,a_l_ecole_de_davy_crockett.mp3
584198547478,tex_le_chasseur_de_nuages.mp3
